batch	prediction_file	target_file	shape
1	tracer_pred_rank0000_batch00001.npy	tracer_targ_rank0000_batch00001.npy	[20, 19, 192, 288]
2	tracer_pred_rank0000_batch00002.npy	tracer_targ_rank0000_batch00002.npy	[20, 19, 192, 288]
3	tracer_pred_rank0000_batch00003.npy	tracer_targ_rank0000_batch00003.npy	[20, 19, 192, 288]
4	tracer_pred_rank0000_batch00004.npy	tracer_targ_rank0000_batch00004.npy	[20, 19, 192, 288]
5	tracer_pred_rank0000_batch00005.npy	tracer_targ_rank0000_batch00005.npy	[20, 19, 192, 288]
6	tracer_pred_rank0000_batch00006.npy	tracer_targ_rank0000_batch00006.npy	[20, 19, 192, 288]
7	tracer_pred_rank0000_batch00007.npy	tracer_targ_rank0000_batch00007.npy	[20, 19, 192, 288]
8	tracer_pred_rank0000_batch00008.npy	tracer_targ_rank0000_batch00008.npy	[20, 19, 192, 288]
9	tracer_pred_rank0000_batch00009.npy	tracer_targ_rank0000_batch00009.npy	[20, 19, 192, 288]
10	tracer_pred_rank0000_batch00010.npy	tracer_targ_rank0000_batch00010.npy	[20, 19, 192, 288]
11	tracer_pred_rank0000_batch00011.npy	tracer_targ_rank0000_batch00011.npy	[20, 19, 192, 288]
12	tracer_pred_rank0000_batch00012.npy	tracer_targ_rank0000_batch00012.npy	[20, 19, 192, 288]
13	tracer_pred_rank0000_batch00013.npy	tracer_targ_rank0000_batch00013.npy	[20, 19, 192, 288]
14	tracer_pred_rank0000_batch00014.npy	tracer_targ_rank0000_batch00014.npy	[20, 19, 192, 288]
15	tracer_pred_rank0000_batch00015.npy	tracer_targ_rank0000_batch00015.npy	[20, 19, 192, 288]
16	tracer_pred_rank0000_batch00016.npy	tracer_targ_rank0000_batch00016.npy	[20, 19, 192, 288]
17	tracer_pred_rank0000_batch00017.npy	tracer_targ_rank0000_batch00017.npy	[20, 19, 192, 288]
18	tracer_pred_rank0000_batch00018.npy	tracer_targ_rank0000_batch00018.npy	[20, 19, 192, 288]
19	tracer_pred_rank0000_batch00019.npy	tracer_targ_rank0000_batch00019.npy	[20, 19, 192, 288]
20	tracer_pred_rank0000_batch00020.npy	tracer_targ_rank0000_batch00020.npy	[20, 19, 192, 288]
21	tracer_pred_rank0000_batch00021.npy	tracer_targ_rank0000_batch00021.npy	[20, 19, 192, 288]
22	tracer_pred_rank0000_batch00022.npy	tracer_targ_rank0000_batch00022.npy	[20, 19, 192, 288]
23	tracer_pred_rank0000_batch00023.npy	tracer_targ_rank0000_batch00023.npy	[20, 19, 192, 288]
24	tracer_pred_rank0000_batch00024.npy	tracer_targ_rank0000_batch00024.npy	[20, 19, 192, 288]
25	tracer_pred_rank0000_batch00025.npy	tracer_targ_rank0000_batch00025.npy	[20, 19, 192, 288]
26	tracer_pred_rank0000_batch00026.npy	tracer_targ_rank0000_batch00026.npy	[20, 19, 192, 288]
27	tracer_pred_rank0000_batch00027.npy	tracer_targ_rank0000_batch00027.npy	[20, 19, 192, 288]
28	tracer_pred_rank0000_batch00028.npy	tracer_targ_rank0000_batch00028.npy	[20, 19, 192, 288]
29	tracer_pred_rank0000_batch00029.npy	tracer_targ_rank0000_batch00029.npy	[20, 19, 192, 288]
30	tracer_pred_rank0000_batch00030.npy	tracer_targ_rank0000_batch00030.npy	[20, 19, 192, 288]
31	tracer_pred_rank0000_batch00031.npy	tracer_targ_rank0000_batch00031.npy	[20, 19, 192, 288]
32	tracer_pred_rank0000_batch00032.npy	tracer_targ_rank0000_batch00032.npy	[20, 19, 192, 288]
33	tracer_pred_rank0000_batch00033.npy	tracer_targ_rank0000_batch00033.npy	[20, 19, 192, 288]
34	tracer_pred_rank0000_batch00034.npy	tracer_targ_rank0000_batch00034.npy	[20, 19, 192, 288]
35	tracer_pred_rank0000_batch00035.npy	tracer_targ_rank0000_batch00035.npy	[20, 19, 192, 288]
36	tracer_pred_rank0000_batch00036.npy	tracer_targ_rank0000_batch00036.npy	[20, 19, 192, 288]
37	tracer_pred_rank0000_batch00037.npy	tracer_targ_rank0000_batch00037.npy	[20, 19, 192, 288]
38	tracer_pred_rank0000_batch00038.npy	tracer_targ_rank0000_batch00038.npy	[20, 19, 192, 288]
39	tracer_pred_rank0000_batch00039.npy	tracer_targ_rank0000_batch00039.npy	[20, 19, 192, 288]
40	tracer_pred_rank0000_batch00040.npy	tracer_targ_rank0000_batch00040.npy	[20, 19, 192, 288]
41	tracer_pred_rank0000_batch00041.npy	tracer_targ_rank0000_batch00041.npy	[20, 19, 192, 288]
42	tracer_pred_rank0000_batch00042.npy	tracer_targ_rank0000_batch00042.npy	[20, 19, 192, 288]
43	tracer_pred_rank0000_batch00043.npy	tracer_targ_rank0000_batch00043.npy	[20, 19, 192, 288]
44	tracer_pred_rank0000_batch00044.npy	tracer_targ_rank0000_batch00044.npy	[20, 19, 192, 288]
45	tracer_pred_rank0000_batch00045.npy	tracer_targ_rank0000_batch00045.npy	[20, 19, 192, 288]
46	tracer_pred_rank0000_batch00046.npy	tracer_targ_rank0000_batch00046.npy	[20, 19, 192, 288]
47	tracer_pred_rank0000_batch00047.npy	tracer_targ_rank0000_batch00047.npy	[20, 19, 192, 288]
48	tracer_pred_rank0000_batch00048.npy	tracer_targ_rank0000_batch00048.npy	[20, 19, 192, 288]
49	tracer_pred_rank0000_batch00049.npy	tracer_targ_rank0000_batch00049.npy	[20, 19, 192, 288]
50	tracer_pred_rank0000_batch00050.npy	tracer_targ_rank0000_batch00050.npy	[20, 19, 192, 288]
51	tracer_pred_rank0000_batch00051.npy	tracer_targ_rank0000_batch00051.npy	[20, 19, 192, 288]
52	tracer_pred_rank0000_batch00052.npy	tracer_targ_rank0000_batch00052.npy	[20, 19, 192, 288]
53	tracer_pred_rank0000_batch00053.npy	tracer_targ_rank0000_batch00053.npy	[20, 19, 192, 288]
54	tracer_pred_rank0000_batch00054.npy	tracer_targ_rank0000_batch00054.npy	[20, 19, 192, 288]
55	tracer_pred_rank0000_batch00055.npy	tracer_targ_rank0000_batch00055.npy	[20, 19, 192, 288]
56	tracer_pred_rank0000_batch00056.npy	tracer_targ_rank0000_batch00056.npy	[20, 19, 192, 288]
57	tracer_pred_rank0000_batch00057.npy	tracer_targ_rank0000_batch00057.npy	[20, 19, 192, 288]
58	tracer_pred_rank0000_batch00058.npy	tracer_targ_rank0000_batch00058.npy	[20, 19, 192, 288]
59	tracer_pred_rank0000_batch00059.npy	tracer_targ_rank0000_batch00059.npy	[20, 19, 192, 288]
60	tracer_pred_rank0000_batch00060.npy	tracer_targ_rank0000_batch00060.npy	[20, 19, 192, 288]
61	tracer_pred_rank0000_batch00061.npy	tracer_targ_rank0000_batch00061.npy	[20, 19, 192, 288]
62	tracer_pred_rank0000_batch00062.npy	tracer_targ_rank0000_batch00062.npy	[20, 19, 192, 288]
63	tracer_pred_rank0000_batch00063.npy	tracer_targ_rank0000_batch00063.npy	[20, 19, 192, 288]
64	tracer_pred_rank0000_batch00064.npy	tracer_targ_rank0000_batch00064.npy	[20, 19, 192, 288]
65	tracer_pred_rank0000_batch00065.npy	tracer_targ_rank0000_batch00065.npy	[20, 19, 192, 288]
66	tracer_pred_rank0000_batch00066.npy	tracer_targ_rank0000_batch00066.npy	[20, 19, 192, 288]
67	tracer_pred_rank0000_batch00067.npy	tracer_targ_rank0000_batch00067.npy	[20, 19, 192, 288]
68	tracer_pred_rank0000_batch00068.npy	tracer_targ_rank0000_batch00068.npy	[20, 19, 192, 288]
69	tracer_pred_rank0000_batch00069.npy	tracer_targ_rank0000_batch00069.npy	[20, 19, 192, 288]
70	tracer_pred_rank0000_batch00070.npy	tracer_targ_rank0000_batch00070.npy	[20, 19, 192, 288]
71	tracer_pred_rank0000_batch00071.npy	tracer_targ_rank0000_batch00071.npy	[20, 19, 192, 288]
72	tracer_pred_rank0000_batch00072.npy	tracer_targ_rank0000_batch00072.npy	[20, 19, 192, 288]
73	tracer_pred_rank0000_batch00073.npy	tracer_targ_rank0000_batch00073.npy	[20, 19, 192, 288]
74	tracer_pred_rank0000_batch00074.npy	tracer_targ_rank0000_batch00074.npy	[20, 19, 192, 288]
75	tracer_pred_rank0000_batch00075.npy	tracer_targ_rank0000_batch00075.npy	[20, 19, 192, 288]
76	tracer_pred_rank0000_batch00076.npy	tracer_targ_rank0000_batch00076.npy	[20, 19, 192, 288]
77	tracer_pred_rank0000_batch00077.npy	tracer_targ_rank0000_batch00077.npy	[20, 19, 192, 288]
78	tracer_pred_rank0000_batch00078.npy	tracer_targ_rank0000_batch00078.npy	[20, 19, 192, 288]
79	tracer_pred_rank0000_batch00079.npy	tracer_targ_rank0000_batch00079.npy	[20, 19, 192, 288]
80	tracer_pred_rank0000_batch00080.npy	tracer_targ_rank0000_batch00080.npy	[20, 19, 192, 288]
81	tracer_pred_rank0000_batch00081.npy	tracer_targ_rank0000_batch00081.npy	[20, 19, 192, 288]
82	tracer_pred_rank0000_batch00082.npy	tracer_targ_rank0000_batch00082.npy	[20, 19, 192, 288]
83	tracer_pred_rank0000_batch00083.npy	tracer_targ_rank0000_batch00083.npy	[20, 19, 192, 288]
84	tracer_pred_rank0000_batch00084.npy	tracer_targ_rank0000_batch00084.npy	[20, 19, 192, 288]
85	tracer_pred_rank0000_batch00085.npy	tracer_targ_rank0000_batch00085.npy	[20, 19, 192, 288]
86	tracer_pred_rank0000_batch00086.npy	tracer_targ_rank0000_batch00086.npy	[20, 19, 192, 288]
87	tracer_pred_rank0000_batch00087.npy	tracer_targ_rank0000_batch00087.npy	[20, 19, 192, 288]
88	tracer_pred_rank0000_batch00088.npy	tracer_targ_rank0000_batch00088.npy	[20, 19, 192, 288]
89	tracer_pred_rank0000_batch00089.npy	tracer_targ_rank0000_batch00089.npy	[20, 19, 192, 288]
90	tracer_pred_rank0000_batch00090.npy	tracer_targ_rank0000_batch00090.npy	[20, 19, 192, 288]
91	tracer_pred_rank0000_batch00091.npy	tracer_targ_rank0000_batch00091.npy	[20, 19, 192, 288]
92	tracer_pred_rank0000_batch00092.npy	tracer_targ_rank0000_batch00092.npy	[20, 19, 192, 288]
93	tracer_pred_rank0000_batch00093.npy	tracer_targ_rank0000_batch00093.npy	[20, 19, 192, 288]
94	tracer_pred_rank0000_batch00094.npy	tracer_targ_rank0000_batch00094.npy	[20, 19, 192, 288]
95	tracer_pred_rank0000_batch00095.npy	tracer_targ_rank0000_batch00095.npy	[20, 19, 192, 288]
96	tracer_pred_rank0000_batch00096.npy	tracer_targ_rank0000_batch00096.npy	[20, 19, 192, 288]
97	tracer_pred_rank0000_batch00097.npy	tracer_targ_rank0000_batch00097.npy	[20, 19, 192, 288]
98	tracer_pred_rank0000_batch00098.npy	tracer_targ_rank0000_batch00098.npy	[20, 19, 192, 288]
99	tracer_pred_rank0000_batch00099.npy	tracer_targ_rank0000_batch00099.npy	[20, 19, 192, 288]
100	tracer_pred_rank0000_batch00100.npy	tracer_targ_rank0000_batch00100.npy	[20, 19, 192, 288]
101	tracer_pred_rank0000_batch00101.npy	tracer_targ_rank0000_batch00101.npy	[20, 19, 192, 288]
102	tracer_pred_rank0000_batch00102.npy	tracer_targ_rank0000_batch00102.npy	[20, 19, 192, 288]
103	tracer_pred_rank0000_batch00103.npy	tracer_targ_rank0000_batch00103.npy	[20, 19, 192, 288]
104	tracer_pred_rank0000_batch00104.npy	tracer_targ_rank0000_batch00104.npy	[20, 19, 192, 288]
105	tracer_pred_rank0000_batch00105.npy	tracer_targ_rank0000_batch00105.npy	[20, 19, 192, 288]
106	tracer_pred_rank0000_batch00106.npy	tracer_targ_rank0000_batch00106.npy	[20, 19, 192, 288]
107	tracer_pred_rank0000_batch00107.npy	tracer_targ_rank0000_batch00107.npy	[20, 19, 192, 288]
108	tracer_pred_rank0000_batch00108.npy	tracer_targ_rank0000_batch00108.npy	[20, 19, 192, 288]
109	tracer_pred_rank0000_batch00109.npy	tracer_targ_rank0000_batch00109.npy	[20, 19, 192, 288]
110	tracer_pred_rank0000_batch00110.npy	tracer_targ_rank0000_batch00110.npy	[20, 19, 192, 288]
111	tracer_pred_rank0000_batch00111.npy	tracer_targ_rank0000_batch00111.npy	[20, 19, 192, 288]
112	tracer_pred_rank0000_batch00112.npy	tracer_targ_rank0000_batch00112.npy	[20, 19, 192, 288]
113	tracer_pred_rank0000_batch00113.npy	tracer_targ_rank0000_batch00113.npy	[20, 19, 192, 288]
114	tracer_pred_rank0000_batch00114.npy	tracer_targ_rank0000_batch00114.npy	[20, 19, 192, 288]
115	tracer_pred_rank0000_batch00115.npy	tracer_targ_rank0000_batch00115.npy	[20, 19, 192, 288]
116	tracer_pred_rank0000_batch00116.npy	tracer_targ_rank0000_batch00116.npy	[20, 19, 192, 288]
117	tracer_pred_rank0000_batch00117.npy	tracer_targ_rank0000_batch00117.npy	[20, 19, 192, 288]
118	tracer_pred_rank0000_batch00118.npy	tracer_targ_rank0000_batch00118.npy	[20, 19, 192, 288]
119	tracer_pred_rank0000_batch00119.npy	tracer_targ_rank0000_batch00119.npy	[20, 19, 192, 288]
120	tracer_pred_rank0000_batch00120.npy	tracer_targ_rank0000_batch00120.npy	[20, 19, 192, 288]
121	tracer_pred_rank0000_batch00121.npy	tracer_targ_rank0000_batch00121.npy	[20, 19, 192, 288]
122	tracer_pred_rank0000_batch00122.npy	tracer_targ_rank0000_batch00122.npy	[20, 19, 192, 288]
123	tracer_pred_rank0000_batch00123.npy	tracer_targ_rank0000_batch00123.npy	[20, 19, 192, 288]
124	tracer_pred_rank0000_batch00124.npy	tracer_targ_rank0000_batch00124.npy	[20, 19, 192, 288]
125	tracer_pred_rank0000_batch00125.npy	tracer_targ_rank0000_batch00125.npy	[20, 19, 192, 288]
126	tracer_pred_rank0000_batch00126.npy	tracer_targ_rank0000_batch00126.npy	[20, 19, 192, 288]
127	tracer_pred_rank0000_batch00127.npy	tracer_targ_rank0000_batch00127.npy	[20, 19, 192, 288]
128	tracer_pred_rank0000_batch00128.npy	tracer_targ_rank0000_batch00128.npy	[20, 19, 192, 288]
129	tracer_pred_rank0000_batch00129.npy	tracer_targ_rank0000_batch00129.npy	[20, 19, 192, 288]
130	tracer_pred_rank0000_batch00130.npy	tracer_targ_rank0000_batch00130.npy	[20, 19, 192, 288]
131	tracer_pred_rank0000_batch00131.npy	tracer_targ_rank0000_batch00131.npy	[20, 19, 192, 288]
132	tracer_pred_rank0000_batch00132.npy	tracer_targ_rank0000_batch00132.npy	[20, 19, 192, 288]
133	tracer_pred_rank0000_batch00133.npy	tracer_targ_rank0000_batch00133.npy	[20, 19, 192, 288]
134	tracer_pred_rank0000_batch00134.npy	tracer_targ_rank0000_batch00134.npy	[20, 19, 192, 288]
135	tracer_pred_rank0000_batch00135.npy	tracer_targ_rank0000_batch00135.npy	[20, 19, 192, 288]
136	tracer_pred_rank0000_batch00136.npy	tracer_targ_rank0000_batch00136.npy	[20, 19, 192, 288]
137	tracer_pred_rank0000_batch00137.npy	tracer_targ_rank0000_batch00137.npy	[20, 19, 192, 288]
138	tracer_pred_rank0000_batch00138.npy	tracer_targ_rank0000_batch00138.npy	[20, 19, 192, 288]
139	tracer_pred_rank0000_batch00139.npy	tracer_targ_rank0000_batch00139.npy	[20, 19, 192, 288]
140	tracer_pred_rank0000_batch00140.npy	tracer_targ_rank0000_batch00140.npy	[20, 19, 192, 288]
141	tracer_pred_rank0000_batch00141.npy	tracer_targ_rank0000_batch00141.npy	[20, 19, 192, 288]
142	tracer_pred_rank0000_batch00142.npy	tracer_targ_rank0000_batch00142.npy	[20, 19, 192, 288]
143	tracer_pred_rank0000_batch00143.npy	tracer_targ_rank0000_batch00143.npy	[20, 19, 192, 288]
144	tracer_pred_rank0000_batch00144.npy	tracer_targ_rank0000_batch00144.npy	[20, 19, 192, 288]
145	tracer_pred_rank0000_batch00145.npy	tracer_targ_rank0000_batch00145.npy	[20, 19, 192, 288]
146	tracer_pred_rank0000_batch00146.npy	tracer_targ_rank0000_batch00146.npy	[20, 19, 192, 288]
147	tracer_pred_rank0000_batch00147.npy	tracer_targ_rank0000_batch00147.npy	[20, 19, 192, 288]
148	tracer_pred_rank0000_batch00148.npy	tracer_targ_rank0000_batch00148.npy	[20, 19, 192, 288]
149	tracer_pred_rank0000_batch00149.npy	tracer_targ_rank0000_batch00149.npy	[20, 19, 192, 288]
150	tracer_pred_rank0000_batch00150.npy	tracer_targ_rank0000_batch00150.npy	[20, 19, 192, 288]
151	tracer_pred_rank0000_batch00151.npy	tracer_targ_rank0000_batch00151.npy	[20, 19, 192, 288]
152	tracer_pred_rank0000_batch00152.npy	tracer_targ_rank0000_batch00152.npy	[20, 19, 192, 288]
153	tracer_pred_rank0000_batch00153.npy	tracer_targ_rank0000_batch00153.npy	[20, 19, 192, 288]
154	tracer_pred_rank0000_batch00154.npy	tracer_targ_rank0000_batch00154.npy	[20, 19, 192, 288]
155	tracer_pred_rank0000_batch00155.npy	tracer_targ_rank0000_batch00155.npy	[20, 19, 192, 288]
156	tracer_pred_rank0000_batch00156.npy	tracer_targ_rank0000_batch00156.npy	[20, 19, 192, 288]
157	tracer_pred_rank0000_batch00157.npy	tracer_targ_rank0000_batch00157.npy	[20, 19, 192, 288]
158	tracer_pred_rank0000_batch00158.npy	tracer_targ_rank0000_batch00158.npy	[20, 19, 192, 288]
159	tracer_pred_rank0000_batch00159.npy	tracer_targ_rank0000_batch00159.npy	[20, 19, 192, 288]
160	tracer_pred_rank0000_batch00160.npy	tracer_targ_rank0000_batch00160.npy	[20, 19, 192, 288]
161	tracer_pred_rank0000_batch00161.npy	tracer_targ_rank0000_batch00161.npy	[20, 19, 192, 288]
162	tracer_pred_rank0000_batch00162.npy	tracer_targ_rank0000_batch00162.npy	[20, 19, 192, 288]
163	tracer_pred_rank0000_batch00163.npy	tracer_targ_rank0000_batch00163.npy	[20, 19, 192, 288]
164	tracer_pred_rank0000_batch00164.npy	tracer_targ_rank0000_batch00164.npy	[20, 19, 192, 288]
165	tracer_pred_rank0000_batch00165.npy	tracer_targ_rank0000_batch00165.npy	[20, 19, 192, 288]
166	tracer_pred_rank0000_batch00166.npy	tracer_targ_rank0000_batch00166.npy	[20, 19, 192, 288]
167	tracer_pred_rank0000_batch00167.npy	tracer_targ_rank0000_batch00167.npy	[20, 19, 192, 288]
168	tracer_pred_rank0000_batch00168.npy	tracer_targ_rank0000_batch00168.npy	[20, 19, 192, 288]
169	tracer_pred_rank0000_batch00169.npy	tracer_targ_rank0000_batch00169.npy	[20, 19, 192, 288]
170	tracer_pred_rank0000_batch00170.npy	tracer_targ_rank0000_batch00170.npy	[20, 19, 192, 288]
171	tracer_pred_rank0000_batch00171.npy	tracer_targ_rank0000_batch00171.npy	[20, 19, 192, 288]
172	tracer_pred_rank0000_batch00172.npy	tracer_targ_rank0000_batch00172.npy	[20, 19, 192, 288]
173	tracer_pred_rank0000_batch00173.npy	tracer_targ_rank0000_batch00173.npy	[20, 19, 192, 288]
174	tracer_pred_rank0000_batch00174.npy	tracer_targ_rank0000_batch00174.npy	[20, 19, 192, 288]
175	tracer_pred_rank0000_batch00175.npy	tracer_targ_rank0000_batch00175.npy	[20, 19, 192, 288]
176	tracer_pred_rank0000_batch00176.npy	tracer_targ_rank0000_batch00176.npy	[20, 19, 192, 288]
177	tracer_pred_rank0000_batch00177.npy	tracer_targ_rank0000_batch00177.npy	[20, 19, 192, 288]
178	tracer_pred_rank0000_batch00178.npy	tracer_targ_rank0000_batch00178.npy	[20, 19, 192, 288]
179	tracer_pred_rank0000_batch00179.npy	tracer_targ_rank0000_batch00179.npy	[20, 19, 192, 288]
180	tracer_pred_rank0000_batch00180.npy	tracer_targ_rank0000_batch00180.npy	[20, 19, 192, 288]
181	tracer_pred_rank0000_batch00181.npy	tracer_targ_rank0000_batch00181.npy	[20, 19, 192, 288]
182	tracer_pred_rank0000_batch00182.npy	tracer_targ_rank0000_batch00182.npy	[20, 19, 192, 288]
183	tracer_pred_rank0000_batch00183.npy	tracer_targ_rank0000_batch00183.npy	[20, 19, 192, 288]
184	tracer_pred_rank0000_batch00184.npy	tracer_targ_rank0000_batch00184.npy	[20, 19, 192, 288]
185	tracer_pred_rank0000_batch00185.npy	tracer_targ_rank0000_batch00185.npy	[20, 19, 192, 288]
186	tracer_pred_rank0000_batch00186.npy	tracer_targ_rank0000_batch00186.npy	[20, 19, 192, 288]
187	tracer_pred_rank0000_batch00187.npy	tracer_targ_rank0000_batch00187.npy	[20, 19, 192, 288]
188	tracer_pred_rank0000_batch00188.npy	tracer_targ_rank0000_batch00188.npy	[20, 19, 192, 288]
189	tracer_pred_rank0000_batch00189.npy	tracer_targ_rank0000_batch00189.npy	[20, 19, 192, 288]
190	tracer_pred_rank0000_batch00190.npy	tracer_targ_rank0000_batch00190.npy	[20, 19, 192, 288]
191	tracer_pred_rank0000_batch00191.npy	tracer_targ_rank0000_batch00191.npy	[20, 19, 192, 288]
192	tracer_pred_rank0000_batch00192.npy	tracer_targ_rank0000_batch00192.npy	[20, 19, 192, 288]
193	tracer_pred_rank0000_batch00193.npy	tracer_targ_rank0000_batch00193.npy	[20, 19, 192, 288]
194	tracer_pred_rank0000_batch00194.npy	tracer_targ_rank0000_batch00194.npy	[20, 19, 192, 288]
195	tracer_pred_rank0000_batch00195.npy	tracer_targ_rank0000_batch00195.npy	[20, 19, 192, 288]
196	tracer_pred_rank0000_batch00196.npy	tracer_targ_rank0000_batch00196.npy	[20, 19, 192, 288]
197	tracer_pred_rank0000_batch00197.npy	tracer_targ_rank0000_batch00197.npy	[20, 19, 192, 288]
198	tracer_pred_rank0000_batch00198.npy	tracer_targ_rank0000_batch00198.npy	[20, 19, 192, 288]
199	tracer_pred_rank0000_batch00199.npy	tracer_targ_rank0000_batch00199.npy	[20, 19, 192, 288]
200	tracer_pred_rank0000_batch00200.npy	tracer_targ_rank0000_batch00200.npy	[20, 19, 192, 288]
201	tracer_pred_rank0000_batch00201.npy	tracer_targ_rank0000_batch00201.npy	[20, 19, 192, 288]
202	tracer_pred_rank0000_batch00202.npy	tracer_targ_rank0000_batch00202.npy	[20, 19, 192, 288]
203	tracer_pred_rank0000_batch00203.npy	tracer_targ_rank0000_batch00203.npy	[20, 19, 192, 288]
204	tracer_pred_rank0000_batch00204.npy	tracer_targ_rank0000_batch00204.npy	[20, 19, 192, 288]
205	tracer_pred_rank0000_batch00205.npy	tracer_targ_rank0000_batch00205.npy	[20, 19, 192, 288]
206	tracer_pred_rank0000_batch00206.npy	tracer_targ_rank0000_batch00206.npy	[20, 19, 192, 288]
207	tracer_pred_rank0000_batch00207.npy	tracer_targ_rank0000_batch00207.npy	[20, 19, 192, 288]
208	tracer_pred_rank0000_batch00208.npy	tracer_targ_rank0000_batch00208.npy	[20, 19, 192, 288]
209	tracer_pred_rank0000_batch00209.npy	tracer_targ_rank0000_batch00209.npy	[20, 19, 192, 288]
210	tracer_pred_rank0000_batch00210.npy	tracer_targ_rank0000_batch00210.npy	[20, 19, 192, 288]
211	tracer_pred_rank0000_batch00211.npy	tracer_targ_rank0000_batch00211.npy	[20, 19, 192, 288]
212	tracer_pred_rank0000_batch00212.npy	tracer_targ_rank0000_batch00212.npy	[20, 19, 192, 288]
213	tracer_pred_rank0000_batch00213.npy	tracer_targ_rank0000_batch00213.npy	[20, 19, 192, 288]
214	tracer_pred_rank0000_batch00214.npy	tracer_targ_rank0000_batch00214.npy	[20, 19, 192, 288]
215	tracer_pred_rank0000_batch00215.npy	tracer_targ_rank0000_batch00215.npy	[20, 19, 192, 288]
216	tracer_pred_rank0000_batch00216.npy	tracer_targ_rank0000_batch00216.npy	[20, 19, 192, 288]
217	tracer_pred_rank0000_batch00217.npy	tracer_targ_rank0000_batch00217.npy	[20, 19, 192, 288]
218	tracer_pred_rank0000_batch00218.npy	tracer_targ_rank0000_batch00218.npy	[20, 19, 192, 288]
219	tracer_pred_rank0000_batch00219.npy	tracer_targ_rank0000_batch00219.npy	[20, 19, 192, 288]
220	tracer_pred_rank0000_batch00220.npy	tracer_targ_rank0000_batch00220.npy	[20, 19, 192, 288]
221	tracer_pred_rank0000_batch00221.npy	tracer_targ_rank0000_batch00221.npy	[20, 19, 192, 288]
222	tracer_pred_rank0000_batch00222.npy	tracer_targ_rank0000_batch00222.npy	[20, 19, 192, 288]
223	tracer_pred_rank0000_batch00223.npy	tracer_targ_rank0000_batch00223.npy	[20, 19, 192, 288]
224	tracer_pred_rank0000_batch00224.npy	tracer_targ_rank0000_batch00224.npy	[20, 19, 192, 288]
225	tracer_pred_rank0000_batch00225.npy	tracer_targ_rank0000_batch00225.npy	[20, 19, 192, 288]
226	tracer_pred_rank0000_batch00226.npy	tracer_targ_rank0000_batch00226.npy	[20, 19, 192, 288]
227	tracer_pred_rank0000_batch00227.npy	tracer_targ_rank0000_batch00227.npy	[20, 19, 192, 288]
228	tracer_pred_rank0000_batch00228.npy	tracer_targ_rank0000_batch00228.npy	[20, 19, 192, 288]
229	tracer_pred_rank0000_batch00229.npy	tracer_targ_rank0000_batch00229.npy	[20, 19, 192, 288]
230	tracer_pred_rank0000_batch00230.npy	tracer_targ_rank0000_batch00230.npy	[20, 19, 192, 288]
231	tracer_pred_rank0000_batch00231.npy	tracer_targ_rank0000_batch00231.npy	[20, 19, 192, 288]
232	tracer_pred_rank0000_batch00232.npy	tracer_targ_rank0000_batch00232.npy	[20, 19, 192, 288]
233	tracer_pred_rank0000_batch00233.npy	tracer_targ_rank0000_batch00233.npy	[20, 19, 192, 288]
234	tracer_pred_rank0000_batch00234.npy	tracer_targ_rank0000_batch00234.npy	[20, 19, 192, 288]
235	tracer_pred_rank0000_batch00235.npy	tracer_targ_rank0000_batch00235.npy	[20, 19, 192, 288]
236	tracer_pred_rank0000_batch00236.npy	tracer_targ_rank0000_batch00236.npy	[20, 19, 192, 288]
237	tracer_pred_rank0000_batch00237.npy	tracer_targ_rank0000_batch00237.npy	[20, 19, 192, 288]
238	tracer_pred_rank0000_batch00238.npy	tracer_targ_rank0000_batch00238.npy	[20, 19, 192, 288]
239	tracer_pred_rank0000_batch00239.npy	tracer_targ_rank0000_batch00239.npy	[20, 19, 192, 288]
240	tracer_pred_rank0000_batch00240.npy	tracer_targ_rank0000_batch00240.npy	[20, 19, 192, 288]
241	tracer_pred_rank0000_batch00241.npy	tracer_targ_rank0000_batch00241.npy	[20, 19, 192, 288]
242	tracer_pred_rank0000_batch00242.npy	tracer_targ_rank0000_batch00242.npy	[20, 19, 192, 288]
243	tracer_pred_rank0000_batch00243.npy	tracer_targ_rank0000_batch00243.npy	[20, 19, 192, 288]
244	tracer_pred_rank0000_batch00244.npy	tracer_targ_rank0000_batch00244.npy	[20, 19, 192, 288]
245	tracer_pred_rank0000_batch00245.npy	tracer_targ_rank0000_batch00245.npy	[20, 19, 192, 288]
246	tracer_pred_rank0000_batch00246.npy	tracer_targ_rank0000_batch00246.npy	[20, 19, 192, 288]
247	tracer_pred_rank0000_batch00247.npy	tracer_targ_rank0000_batch00247.npy	[20, 19, 192, 288]
248	tracer_pred_rank0000_batch00248.npy	tracer_targ_rank0000_batch00248.npy	[20, 19, 192, 288]
249	tracer_pred_rank0000_batch00249.npy	tracer_targ_rank0000_batch00249.npy	[20, 19, 192, 288]
250	tracer_pred_rank0000_batch00250.npy	tracer_targ_rank0000_batch00250.npy	[20, 19, 192, 288]
251	tracer_pred_rank0000_batch00251.npy	tracer_targ_rank0000_batch00251.npy	[20, 19, 192, 288]
252	tracer_pred_rank0000_batch00252.npy	tracer_targ_rank0000_batch00252.npy	[20, 19, 192, 288]
253	tracer_pred_rank0000_batch00253.npy	tracer_targ_rank0000_batch00253.npy	[20, 19, 192, 288]
254	tracer_pred_rank0000_batch00254.npy	tracer_targ_rank0000_batch00254.npy	[20, 19, 192, 288]
255	tracer_pred_rank0000_batch00255.npy	tracer_targ_rank0000_batch00255.npy	[20, 19, 192, 288]
256	tracer_pred_rank0000_batch00256.npy	tracer_targ_rank0000_batch00256.npy	[20, 19, 192, 288]
257	tracer_pred_rank0000_batch00257.npy	tracer_targ_rank0000_batch00257.npy	[20, 19, 192, 288]
258	tracer_pred_rank0000_batch00258.npy	tracer_targ_rank0000_batch00258.npy	[20, 19, 192, 288]
259	tracer_pred_rank0000_batch00259.npy	tracer_targ_rank0000_batch00259.npy	[20, 19, 192, 288]
260	tracer_pred_rank0000_batch00260.npy	tracer_targ_rank0000_batch00260.npy	[20, 19, 192, 288]
261	tracer_pred_rank0000_batch00261.npy	tracer_targ_rank0000_batch00261.npy	[20, 19, 192, 288]
262	tracer_pred_rank0000_batch00262.npy	tracer_targ_rank0000_batch00262.npy	[20, 19, 192, 288]
263	tracer_pred_rank0000_batch00263.npy	tracer_targ_rank0000_batch00263.npy	[20, 19, 192, 288]
264	tracer_pred_rank0000_batch00264.npy	tracer_targ_rank0000_batch00264.npy	[20, 19, 192, 288]
265	tracer_pred_rank0000_batch00265.npy	tracer_targ_rank0000_batch00265.npy	[20, 19, 192, 288]
266	tracer_pred_rank0000_batch00266.npy	tracer_targ_rank0000_batch00266.npy	[20, 19, 192, 288]
267	tracer_pred_rank0000_batch00267.npy	tracer_targ_rank0000_batch00267.npy	[20, 19, 192, 288]
268	tracer_pred_rank0000_batch00268.npy	tracer_targ_rank0000_batch00268.npy	[20, 19, 192, 288]
269	tracer_pred_rank0000_batch00269.npy	tracer_targ_rank0000_batch00269.npy	[20, 19, 192, 288]
270	tracer_pred_rank0000_batch00270.npy	tracer_targ_rank0000_batch00270.npy	[20, 19, 192, 288]
271	tracer_pred_rank0000_batch00271.npy	tracer_targ_rank0000_batch00271.npy	[20, 19, 192, 288]
272	tracer_pred_rank0000_batch00272.npy	tracer_targ_rank0000_batch00272.npy	[20, 19, 192, 288]
273	tracer_pred_rank0000_batch00273.npy	tracer_targ_rank0000_batch00273.npy	[20, 19, 192, 288]
274	tracer_pred_rank0000_batch00274.npy	tracer_targ_rank0000_batch00274.npy	[20, 19, 192, 288]
275	tracer_pred_rank0000_batch00275.npy	tracer_targ_rank0000_batch00275.npy	[20, 19, 192, 288]
276	tracer_pred_rank0000_batch00276.npy	tracer_targ_rank0000_batch00276.npy	[20, 19, 192, 288]
277	tracer_pred_rank0000_batch00277.npy	tracer_targ_rank0000_batch00277.npy	[20, 19, 192, 288]
278	tracer_pred_rank0000_batch00278.npy	tracer_targ_rank0000_batch00278.npy	[20, 19, 192, 288]
279	tracer_pred_rank0000_batch00279.npy	tracer_targ_rank0000_batch00279.npy	[20, 19, 192, 288]
280	tracer_pred_rank0000_batch00280.npy	tracer_targ_rank0000_batch00280.npy	[20, 19, 192, 288]
281	tracer_pred_rank0000_batch00281.npy	tracer_targ_rank0000_batch00281.npy	[20, 19, 192, 288]
282	tracer_pred_rank0000_batch00282.npy	tracer_targ_rank0000_batch00282.npy	[20, 19, 192, 288]
283	tracer_pred_rank0000_batch00283.npy	tracer_targ_rank0000_batch00283.npy	[20, 19, 192, 288]
284	tracer_pred_rank0000_batch00284.npy	tracer_targ_rank0000_batch00284.npy	[20, 19, 192, 288]
285	tracer_pred_rank0000_batch00285.npy	tracer_targ_rank0000_batch00285.npy	[20, 19, 192, 288]
286	tracer_pred_rank0000_batch00286.npy	tracer_targ_rank0000_batch00286.npy	[20, 19, 192, 288]
287	tracer_pred_rank0000_batch00287.npy	tracer_targ_rank0000_batch00287.npy	[20, 19, 192, 288]
288	tracer_pred_rank0000_batch00288.npy	tracer_targ_rank0000_batch00288.npy	[20, 19, 192, 288]
289	tracer_pred_rank0000_batch00289.npy	tracer_targ_rank0000_batch00289.npy	[20, 19, 192, 288]
290	tracer_pred_rank0000_batch00290.npy	tracer_targ_rank0000_batch00290.npy	[20, 19, 192, 288]
291	tracer_pred_rank0000_batch00291.npy	tracer_targ_rank0000_batch00291.npy	[20, 19, 192, 288]
292	tracer_pred_rank0000_batch00292.npy	tracer_targ_rank0000_batch00292.npy	[20, 19, 192, 288]
293	tracer_pred_rank0000_batch00293.npy	tracer_targ_rank0000_batch00293.npy	[20, 19, 192, 288]
294	tracer_pred_rank0000_batch00294.npy	tracer_targ_rank0000_batch00294.npy	[20, 19, 192, 288]
295	tracer_pred_rank0000_batch00295.npy	tracer_targ_rank0000_batch00295.npy	[20, 19, 192, 288]
296	tracer_pred_rank0000_batch00296.npy	tracer_targ_rank0000_batch00296.npy	[20, 19, 192, 288]
297	tracer_pred_rank0000_batch00297.npy	tracer_targ_rank0000_batch00297.npy	[20, 19, 192, 288]
298	tracer_pred_rank0000_batch00298.npy	tracer_targ_rank0000_batch00298.npy	[20, 19, 192, 288]
299	tracer_pred_rank0000_batch00299.npy	tracer_targ_rank0000_batch00299.npy	[20, 19, 192, 288]
300	tracer_pred_rank0000_batch00300.npy	tracer_targ_rank0000_batch00300.npy	[20, 19, 192, 288]
301	tracer_pred_rank0000_batch00301.npy	tracer_targ_rank0000_batch00301.npy	[20, 19, 192, 288]
302	tracer_pred_rank0000_batch00302.npy	tracer_targ_rank0000_batch00302.npy	[20, 19, 192, 288]
303	tracer_pred_rank0000_batch00303.npy	tracer_targ_rank0000_batch00303.npy	[20, 19, 192, 288]
304	tracer_pred_rank0000_batch00304.npy	tracer_targ_rank0000_batch00304.npy	[20, 19, 192, 288]
305	tracer_pred_rank0000_batch00305.npy	tracer_targ_rank0000_batch00305.npy	[20, 19, 192, 288]
306	tracer_pred_rank0000_batch00306.npy	tracer_targ_rank0000_batch00306.npy	[20, 19, 192, 288]
307	tracer_pred_rank0000_batch00307.npy	tracer_targ_rank0000_batch00307.npy	[20, 19, 192, 288]
308	tracer_pred_rank0000_batch00308.npy	tracer_targ_rank0000_batch00308.npy	[20, 19, 192, 288]
309	tracer_pred_rank0000_batch00309.npy	tracer_targ_rank0000_batch00309.npy	[20, 19, 192, 288]
310	tracer_pred_rank0000_batch00310.npy	tracer_targ_rank0000_batch00310.npy	[20, 19, 192, 288]
311	tracer_pred_rank0000_batch00311.npy	tracer_targ_rank0000_batch00311.npy	[20, 19, 192, 288]
312	tracer_pred_rank0000_batch00312.npy	tracer_targ_rank0000_batch00312.npy	[20, 19, 192, 288]
313	tracer_pred_rank0000_batch00313.npy	tracer_targ_rank0000_batch00313.npy	[20, 19, 192, 288]
314	tracer_pred_rank0000_batch00314.npy	tracer_targ_rank0000_batch00314.npy	[20, 19, 192, 288]
315	tracer_pred_rank0000_batch00315.npy	tracer_targ_rank0000_batch00315.npy	[20, 19, 192, 288]
316	tracer_pred_rank0000_batch00316.npy	tracer_targ_rank0000_batch00316.npy	[20, 19, 192, 288]
317	tracer_pred_rank0000_batch00317.npy	tracer_targ_rank0000_batch00317.npy	[20, 19, 192, 288]
318	tracer_pred_rank0000_batch00318.npy	tracer_targ_rank0000_batch00318.npy	[20, 19, 192, 288]
319	tracer_pred_rank0000_batch00319.npy	tracer_targ_rank0000_batch00319.npy	[20, 19, 192, 288]
320	tracer_pred_rank0000_batch00320.npy	tracer_targ_rank0000_batch00320.npy	[20, 19, 192, 288]
321	tracer_pred_rank0000_batch00321.npy	tracer_targ_rank0000_batch00321.npy	[20, 19, 192, 288]
322	tracer_pred_rank0000_batch00322.npy	tracer_targ_rank0000_batch00322.npy	[20, 19, 192, 288]
323	tracer_pred_rank0000_batch00323.npy	tracer_targ_rank0000_batch00323.npy	[20, 19, 192, 288]
324	tracer_pred_rank0000_batch00324.npy	tracer_targ_rank0000_batch00324.npy	[20, 19, 192, 288]
325	tracer_pred_rank0000_batch00325.npy	tracer_targ_rank0000_batch00325.npy	[20, 19, 192, 288]
326	tracer_pred_rank0000_batch00326.npy	tracer_targ_rank0000_batch00326.npy	[20, 19, 192, 288]
327	tracer_pred_rank0000_batch00327.npy	tracer_targ_rank0000_batch00327.npy	[20, 19, 192, 288]
328	tracer_pred_rank0000_batch00328.npy	tracer_targ_rank0000_batch00328.npy	[20, 19, 192, 288]
329	tracer_pred_rank0000_batch00329.npy	tracer_targ_rank0000_batch00329.npy	[20, 19, 192, 288]
330	tracer_pred_rank0000_batch00330.npy	tracer_targ_rank0000_batch00330.npy	[20, 19, 192, 288]
331	tracer_pred_rank0000_batch00331.npy	tracer_targ_rank0000_batch00331.npy	[20, 19, 192, 288]
332	tracer_pred_rank0000_batch00332.npy	tracer_targ_rank0000_batch00332.npy	[20, 19, 192, 288]
333	tracer_pred_rank0000_batch00333.npy	tracer_targ_rank0000_batch00333.npy	[20, 19, 192, 288]
334	tracer_pred_rank0000_batch00334.npy	tracer_targ_rank0000_batch00334.npy	[20, 19, 192, 288]
335	tracer_pred_rank0000_batch00335.npy	tracer_targ_rank0000_batch00335.npy	[20, 19, 192, 288]
336	tracer_pred_rank0000_batch00336.npy	tracer_targ_rank0000_batch00336.npy	[20, 19, 192, 288]
337	tracer_pred_rank0000_batch00337.npy	tracer_targ_rank0000_batch00337.npy	[20, 19, 192, 288]
338	tracer_pred_rank0000_batch00338.npy	tracer_targ_rank0000_batch00338.npy	[20, 19, 192, 288]
339	tracer_pred_rank0000_batch00339.npy	tracer_targ_rank0000_batch00339.npy	[20, 19, 192, 288]
340	tracer_pred_rank0000_batch00340.npy	tracer_targ_rank0000_batch00340.npy	[20, 19, 192, 288]
341	tracer_pred_rank0000_batch00341.npy	tracer_targ_rank0000_batch00341.npy	[20, 19, 192, 288]
342	tracer_pred_rank0000_batch00342.npy	tracer_targ_rank0000_batch00342.npy	[20, 19, 192, 288]
343	tracer_pred_rank0000_batch00343.npy	tracer_targ_rank0000_batch00343.npy	[20, 19, 192, 288]
344	tracer_pred_rank0000_batch00344.npy	tracer_targ_rank0000_batch00344.npy	[20, 19, 192, 288]
345	tracer_pred_rank0000_batch00345.npy	tracer_targ_rank0000_batch00345.npy	[20, 19, 192, 288]
346	tracer_pred_rank0000_batch00346.npy	tracer_targ_rank0000_batch00346.npy	[20, 19, 192, 288]
347	tracer_pred_rank0000_batch00347.npy	tracer_targ_rank0000_batch00347.npy	[20, 19, 192, 288]
348	tracer_pred_rank0000_batch00348.npy	tracer_targ_rank0000_batch00348.npy	[20, 19, 192, 288]
349	tracer_pred_rank0000_batch00349.npy	tracer_targ_rank0000_batch00349.npy	[20, 19, 192, 288]
350	tracer_pred_rank0000_batch00350.npy	tracer_targ_rank0000_batch00350.npy	[20, 19, 192, 288]
351	tracer_pred_rank0000_batch00351.npy	tracer_targ_rank0000_batch00351.npy	[20, 19, 192, 288]
352	tracer_pred_rank0000_batch00352.npy	tracer_targ_rank0000_batch00352.npy	[20, 19, 192, 288]
353	tracer_pred_rank0000_batch00353.npy	tracer_targ_rank0000_batch00353.npy	[20, 19, 192, 288]
354	tracer_pred_rank0000_batch00354.npy	tracer_targ_rank0000_batch00354.npy	[20, 19, 192, 288]
355	tracer_pred_rank0000_batch00355.npy	tracer_targ_rank0000_batch00355.npy	[20, 19, 192, 288]
356	tracer_pred_rank0000_batch00356.npy	tracer_targ_rank0000_batch00356.npy	[20, 19, 192, 288]
357	tracer_pred_rank0000_batch00357.npy	tracer_targ_rank0000_batch00357.npy	[20, 19, 192, 288]
358	tracer_pred_rank0000_batch00358.npy	tracer_targ_rank0000_batch00358.npy	[20, 19, 192, 288]
359	tracer_pred_rank0000_batch00359.npy	tracer_targ_rank0000_batch00359.npy	[20, 19, 192, 288]
360	tracer_pred_rank0000_batch00360.npy	tracer_targ_rank0000_batch00360.npy	[20, 19, 192, 288]
361	tracer_pred_rank0000_batch00361.npy	tracer_targ_rank0000_batch00361.npy	[20, 19, 192, 288]
362	tracer_pred_rank0000_batch00362.npy	tracer_targ_rank0000_batch00362.npy	[20, 19, 192, 288]
363	tracer_pred_rank0000_batch00363.npy	tracer_targ_rank0000_batch00363.npy	[20, 19, 192, 288]
364	tracer_pred_rank0000_batch00364.npy	tracer_targ_rank0000_batch00364.npy	[20, 19, 192, 288]
365	tracer_pred_rank0000_batch00365.npy	tracer_targ_rank0000_batch00365.npy	[20, 19, 192, 288]
366	tracer_pred_rank0000_batch00366.npy	tracer_targ_rank0000_batch00366.npy	[20, 19, 192, 288]
367	tracer_pred_rank0000_batch00367.npy	tracer_targ_rank0000_batch00367.npy	[20, 19, 192, 288]
368	tracer_pred_rank0000_batch00368.npy	tracer_targ_rank0000_batch00368.npy	[20, 19, 192, 288]
369	tracer_pred_rank0000_batch00369.npy	tracer_targ_rank0000_batch00369.npy	[20, 19, 192, 288]
370	tracer_pred_rank0000_batch00370.npy	tracer_targ_rank0000_batch00370.npy	[20, 19, 192, 288]
371	tracer_pred_rank0000_batch00371.npy	tracer_targ_rank0000_batch00371.npy	[20, 19, 192, 288]
372	tracer_pred_rank0000_batch00372.npy	tracer_targ_rank0000_batch00372.npy	[20, 19, 192, 288]
373	tracer_pred_rank0000_batch00373.npy	tracer_targ_rank0000_batch00373.npy	[20, 19, 192, 288]
374	tracer_pred_rank0000_batch00374.npy	tracer_targ_rank0000_batch00374.npy	[20, 19, 192, 288]
375	tracer_pred_rank0000_batch00375.npy	tracer_targ_rank0000_batch00375.npy	[20, 19, 192, 288]
376	tracer_pred_rank0000_batch00376.npy	tracer_targ_rank0000_batch00376.npy	[20, 19, 192, 288]
377	tracer_pred_rank0000_batch00377.npy	tracer_targ_rank0000_batch00377.npy	[20, 19, 192, 288]
378	tracer_pred_rank0000_batch00378.npy	tracer_targ_rank0000_batch00378.npy	[20, 19, 192, 288]
379	tracer_pred_rank0000_batch00379.npy	tracer_targ_rank0000_batch00379.npy	[20, 19, 192, 288]
380	tracer_pred_rank0000_batch00380.npy	tracer_targ_rank0000_batch00380.npy	[20, 19, 192, 288]
381	tracer_pred_rank0000_batch00381.npy	tracer_targ_rank0000_batch00381.npy	[20, 19, 192, 288]
382	tracer_pred_rank0000_batch00382.npy	tracer_targ_rank0000_batch00382.npy	[20, 19, 192, 288]
383	tracer_pred_rank0000_batch00383.npy	tracer_targ_rank0000_batch00383.npy	[20, 19, 192, 288]
384	tracer_pred_rank0000_batch00384.npy	tracer_targ_rank0000_batch00384.npy	[20, 19, 192, 288]
385	tracer_pred_rank0000_batch00385.npy	tracer_targ_rank0000_batch00385.npy	[20, 19, 192, 288]
386	tracer_pred_rank0000_batch00386.npy	tracer_targ_rank0000_batch00386.npy	[20, 19, 192, 288]
387	tracer_pred_rank0000_batch00387.npy	tracer_targ_rank0000_batch00387.npy	[20, 19, 192, 288]
388	tracer_pred_rank0000_batch00388.npy	tracer_targ_rank0000_batch00388.npy	[20, 19, 192, 288]
389	tracer_pred_rank0000_batch00389.npy	tracer_targ_rank0000_batch00389.npy	[20, 19, 192, 288]
390	tracer_pred_rank0000_batch00390.npy	tracer_targ_rank0000_batch00390.npy	[20, 19, 192, 288]
391	tracer_pred_rank0000_batch00391.npy	tracer_targ_rank0000_batch00391.npy	[20, 19, 192, 288]
392	tracer_pred_rank0000_batch00392.npy	tracer_targ_rank0000_batch00392.npy	[20, 19, 192, 288]
393	tracer_pred_rank0000_batch00393.npy	tracer_targ_rank0000_batch00393.npy	[20, 19, 192, 288]
394	tracer_pred_rank0000_batch00394.npy	tracer_targ_rank0000_batch00394.npy	[20, 19, 192, 288]
395	tracer_pred_rank0000_batch00395.npy	tracer_targ_rank0000_batch00395.npy	[20, 19, 192, 288]
396	tracer_pred_rank0000_batch00396.npy	tracer_targ_rank0000_batch00396.npy	[20, 19, 192, 288]
397	tracer_pred_rank0000_batch00397.npy	tracer_targ_rank0000_batch00397.npy	[20, 19, 192, 288]
398	tracer_pred_rank0000_batch00398.npy	tracer_targ_rank0000_batch00398.npy	[20, 19, 192, 288]
399	tracer_pred_rank0000_batch00399.npy	tracer_targ_rank0000_batch00399.npy	[20, 19, 192, 288]
400	tracer_pred_rank0000_batch00400.npy	tracer_targ_rank0000_batch00400.npy	[20, 19, 192, 288]
401	tracer_pred_rank0000_batch00401.npy	tracer_targ_rank0000_batch00401.npy	[20, 19, 192, 288]
402	tracer_pred_rank0000_batch00402.npy	tracer_targ_rank0000_batch00402.npy	[20, 19, 192, 288]
403	tracer_pred_rank0000_batch00403.npy	tracer_targ_rank0000_batch00403.npy	[20, 19, 192, 288]
404	tracer_pred_rank0000_batch00404.npy	tracer_targ_rank0000_batch00404.npy	[20, 19, 192, 288]
405	tracer_pred_rank0000_batch00405.npy	tracer_targ_rank0000_batch00405.npy	[20, 19, 192, 288]
406	tracer_pred_rank0000_batch00406.npy	tracer_targ_rank0000_batch00406.npy	[20, 19, 192, 288]
407	tracer_pred_rank0000_batch00407.npy	tracer_targ_rank0000_batch00407.npy	[20, 19, 192, 288]
408	tracer_pred_rank0000_batch00408.npy	tracer_targ_rank0000_batch00408.npy	[20, 19, 192, 288]
409	tracer_pred_rank0000_batch00409.npy	tracer_targ_rank0000_batch00409.npy	[20, 19, 192, 288]
410	tracer_pred_rank0000_batch00410.npy	tracer_targ_rank0000_batch00410.npy	[20, 19, 192, 288]
411	tracer_pred_rank0000_batch00411.npy	tracer_targ_rank0000_batch00411.npy	[20, 19, 192, 288]
412	tracer_pred_rank0000_batch00412.npy	tracer_targ_rank0000_batch00412.npy	[20, 19, 192, 288]
413	tracer_pred_rank0000_batch00413.npy	tracer_targ_rank0000_batch00413.npy	[20, 19, 192, 288]
414	tracer_pred_rank0000_batch00414.npy	tracer_targ_rank0000_batch00414.npy	[20, 19, 192, 288]
415	tracer_pred_rank0000_batch00415.npy	tracer_targ_rank0000_batch00415.npy	[20, 19, 192, 288]
416	tracer_pred_rank0000_batch00416.npy	tracer_targ_rank0000_batch00416.npy	[20, 19, 192, 288]
417	tracer_pred_rank0000_batch00417.npy	tracer_targ_rank0000_batch00417.npy	[20, 19, 192, 288]
418	tracer_pred_rank0000_batch00418.npy	tracer_targ_rank0000_batch00418.npy	[20, 19, 192, 288]
419	tracer_pred_rank0000_batch00419.npy	tracer_targ_rank0000_batch00419.npy	[20, 19, 192, 288]
420	tracer_pred_rank0000_batch00420.npy	tracer_targ_rank0000_batch00420.npy	[20, 19, 192, 288]
421	tracer_pred_rank0000_batch00421.npy	tracer_targ_rank0000_batch00421.npy	[20, 19, 192, 288]
422	tracer_pred_rank0000_batch00422.npy	tracer_targ_rank0000_batch00422.npy	[20, 19, 192, 288]
423	tracer_pred_rank0000_batch00423.npy	tracer_targ_rank0000_batch00423.npy	[20, 19, 192, 288]
424	tracer_pred_rank0000_batch00424.npy	tracer_targ_rank0000_batch00424.npy	[20, 19, 192, 288]
425	tracer_pred_rank0000_batch00425.npy	tracer_targ_rank0000_batch00425.npy	[20, 19, 192, 288]
426	tracer_pred_rank0000_batch00426.npy	tracer_targ_rank0000_batch00426.npy	[20, 19, 192, 288]
427	tracer_pred_rank0000_batch00427.npy	tracer_targ_rank0000_batch00427.npy	[20, 19, 192, 288]
428	tracer_pred_rank0000_batch00428.npy	tracer_targ_rank0000_batch00428.npy	[20, 19, 192, 288]
429	tracer_pred_rank0000_batch00429.npy	tracer_targ_rank0000_batch00429.npy	[20, 19, 192, 288]
430	tracer_pred_rank0000_batch00430.npy	tracer_targ_rank0000_batch00430.npy	[20, 19, 192, 288]
431	tracer_pred_rank0000_batch00431.npy	tracer_targ_rank0000_batch00431.npy	[20, 19, 192, 288]
432	tracer_pred_rank0000_batch00432.npy	tracer_targ_rank0000_batch00432.npy	[20, 19, 192, 288]
433	tracer_pred_rank0000_batch00433.npy	tracer_targ_rank0000_batch00433.npy	[20, 19, 192, 288]
434	tracer_pred_rank0000_batch00434.npy	tracer_targ_rank0000_batch00434.npy	[20, 19, 192, 288]
435	tracer_pred_rank0000_batch00435.npy	tracer_targ_rank0000_batch00435.npy	[20, 19, 192, 288]
436	tracer_pred_rank0000_batch00436.npy	tracer_targ_rank0000_batch00436.npy	[20, 19, 192, 288]
437	tracer_pred_rank0000_batch00437.npy	tracer_targ_rank0000_batch00437.npy	[20, 19, 192, 288]
438	tracer_pred_rank0000_batch00438.npy	tracer_targ_rank0000_batch00438.npy	[20, 19, 192, 288]
439	tracer_pred_rank0000_batch00439.npy	tracer_targ_rank0000_batch00439.npy	[20, 19, 192, 288]
440	tracer_pred_rank0000_batch00440.npy	tracer_targ_rank0000_batch00440.npy	[20, 19, 192, 288]
441	tracer_pred_rank0000_batch00441.npy	tracer_targ_rank0000_batch00441.npy	[20, 19, 192, 288]
442	tracer_pred_rank0000_batch00442.npy	tracer_targ_rank0000_batch00442.npy	[20, 19, 192, 288]
443	tracer_pred_rank0000_batch00443.npy	tracer_targ_rank0000_batch00443.npy	[20, 19, 192, 288]
444	tracer_pred_rank0000_batch00444.npy	tracer_targ_rank0000_batch00444.npy	[20, 19, 192, 288]
445	tracer_pred_rank0000_batch00445.npy	tracer_targ_rank0000_batch00445.npy	[20, 19, 192, 288]
446	tracer_pred_rank0000_batch00446.npy	tracer_targ_rank0000_batch00446.npy	[20, 19, 192, 288]
447	tracer_pred_rank0000_batch00447.npy	tracer_targ_rank0000_batch00447.npy	[20, 19, 192, 288]
448	tracer_pred_rank0000_batch00448.npy	tracer_targ_rank0000_batch00448.npy	[20, 19, 192, 288]
449	tracer_pred_rank0000_batch00449.npy	tracer_targ_rank0000_batch00449.npy	[20, 19, 192, 288]
450	tracer_pred_rank0000_batch00450.npy	tracer_targ_rank0000_batch00450.npy	[20, 19, 192, 288]
451	tracer_pred_rank0000_batch00451.npy	tracer_targ_rank0000_batch00451.npy	[20, 19, 192, 288]
452	tracer_pred_rank0000_batch00452.npy	tracer_targ_rank0000_batch00452.npy	[20, 19, 192, 288]
453	tracer_pred_rank0000_batch00453.npy	tracer_targ_rank0000_batch00453.npy	[20, 19, 192, 288]
454	tracer_pred_rank0000_batch00454.npy	tracer_targ_rank0000_batch00454.npy	[20, 19, 192, 288]
455	tracer_pred_rank0000_batch00455.npy	tracer_targ_rank0000_batch00455.npy	[20, 19, 192, 288]
456	tracer_pred_rank0000_batch00456.npy	tracer_targ_rank0000_batch00456.npy	[20, 19, 192, 288]
457	tracer_pred_rank0000_batch00457.npy	tracer_targ_rank0000_batch00457.npy	[20, 19, 192, 288]
458	tracer_pred_rank0000_batch00458.npy	tracer_targ_rank0000_batch00458.npy	[20, 19, 192, 288]
459	tracer_pred_rank0000_batch00459.npy	tracer_targ_rank0000_batch00459.npy	[20, 19, 192, 288]
460	tracer_pred_rank0000_batch00460.npy	tracer_targ_rank0000_batch00460.npy	[20, 19, 192, 288]
461	tracer_pred_rank0000_batch00461.npy	tracer_targ_rank0000_batch00461.npy	[20, 19, 192, 288]
462	tracer_pred_rank0000_batch00462.npy	tracer_targ_rank0000_batch00462.npy	[20, 19, 192, 288]
463	tracer_pred_rank0000_batch00463.npy	tracer_targ_rank0000_batch00463.npy	[20, 19, 192, 288]
464	tracer_pred_rank0000_batch00464.npy	tracer_targ_rank0000_batch00464.npy	[20, 19, 192, 288]
465	tracer_pred_rank0000_batch00465.npy	tracer_targ_rank0000_batch00465.npy	[20, 19, 192, 288]
466	tracer_pred_rank0000_batch00466.npy	tracer_targ_rank0000_batch00466.npy	[20, 19, 192, 288]
467	tracer_pred_rank0000_batch00467.npy	tracer_targ_rank0000_batch00467.npy	[20, 19, 192, 288]
468	tracer_pred_rank0000_batch00468.npy	tracer_targ_rank0000_batch00468.npy	[20, 19, 192, 288]
469	tracer_pred_rank0000_batch00469.npy	tracer_targ_rank0000_batch00469.npy	[20, 19, 192, 288]
470	tracer_pred_rank0000_batch00470.npy	tracer_targ_rank0000_batch00470.npy	[20, 19, 192, 288]
471	tracer_pred_rank0000_batch00471.npy	tracer_targ_rank0000_batch00471.npy	[20, 19, 192, 288]
472	tracer_pred_rank0000_batch00472.npy	tracer_targ_rank0000_batch00472.npy	[20, 19, 192, 288]
473	tracer_pred_rank0000_batch00473.npy	tracer_targ_rank0000_batch00473.npy	[20, 19, 192, 288]
474	tracer_pred_rank0000_batch00474.npy	tracer_targ_rank0000_batch00474.npy	[20, 19, 192, 288]
475	tracer_pred_rank0000_batch00475.npy	tracer_targ_rank0000_batch00475.npy	[20, 19, 192, 288]
476	tracer_pred_rank0000_batch00476.npy	tracer_targ_rank0000_batch00476.npy	[20, 19, 192, 288]
477	tracer_pred_rank0000_batch00477.npy	tracer_targ_rank0000_batch00477.npy	[20, 19, 192, 288]
478	tracer_pred_rank0000_batch00478.npy	tracer_targ_rank0000_batch00478.npy	[20, 19, 192, 288]
479	tracer_pred_rank0000_batch00479.npy	tracer_targ_rank0000_batch00479.npy	[20, 19, 192, 288]
480	tracer_pred_rank0000_batch00480.npy	tracer_targ_rank0000_batch00480.npy	[20, 19, 192, 288]
481	tracer_pred_rank0000_batch00481.npy	tracer_targ_rank0000_batch00481.npy	[20, 19, 192, 288]
482	tracer_pred_rank0000_batch00482.npy	tracer_targ_rank0000_batch00482.npy	[20, 19, 192, 288]
483	tracer_pred_rank0000_batch00483.npy	tracer_targ_rank0000_batch00483.npy	[20, 19, 192, 288]
484	tracer_pred_rank0000_batch00484.npy	tracer_targ_rank0000_batch00484.npy	[20, 19, 192, 288]
485	tracer_pred_rank0000_batch00485.npy	tracer_targ_rank0000_batch00485.npy	[20, 19, 192, 288]
486	tracer_pred_rank0000_batch00486.npy	tracer_targ_rank0000_batch00486.npy	[20, 19, 192, 288]
487	tracer_pred_rank0000_batch00487.npy	tracer_targ_rank0000_batch00487.npy	[20, 19, 192, 288]
488	tracer_pred_rank0000_batch00488.npy	tracer_targ_rank0000_batch00488.npy	[20, 19, 192, 288]
489	tracer_pred_rank0000_batch00489.npy	tracer_targ_rank0000_batch00489.npy	[20, 19, 192, 288]
490	tracer_pred_rank0000_batch00490.npy	tracer_targ_rank0000_batch00490.npy	[20, 19, 192, 288]
491	tracer_pred_rank0000_batch00491.npy	tracer_targ_rank0000_batch00491.npy	[20, 19, 192, 288]
492	tracer_pred_rank0000_batch00492.npy	tracer_targ_rank0000_batch00492.npy	[20, 19, 192, 288]
493	tracer_pred_rank0000_batch00493.npy	tracer_targ_rank0000_batch00493.npy	[20, 19, 192, 288]
494	tracer_pred_rank0000_batch00494.npy	tracer_targ_rank0000_batch00494.npy	[20, 19, 192, 288]
495	tracer_pred_rank0000_batch00495.npy	tracer_targ_rank0000_batch00495.npy	[20, 19, 192, 288]
496	tracer_pred_rank0000_batch00496.npy	tracer_targ_rank0000_batch00496.npy	[20, 19, 192, 288]
497	tracer_pred_rank0000_batch00497.npy	tracer_targ_rank0000_batch00497.npy	[20, 19, 192, 288]
498	tracer_pred_rank0000_batch00498.npy	tracer_targ_rank0000_batch00498.npy	[20, 19, 192, 288]
499	tracer_pred_rank0000_batch00499.npy	tracer_targ_rank0000_batch00499.npy	[20, 19, 192, 288]
500	tracer_pred_rank0000_batch00500.npy	tracer_targ_rank0000_batch00500.npy	[20, 19, 192, 288]
501	tracer_pred_rank0000_batch00501.npy	tracer_targ_rank0000_batch00501.npy	[20, 19, 192, 288]
502	tracer_pred_rank0000_batch00502.npy	tracer_targ_rank0000_batch00502.npy	[20, 19, 192, 288]
503	tracer_pred_rank0000_batch00503.npy	tracer_targ_rank0000_batch00503.npy	[20, 19, 192, 288]
504	tracer_pred_rank0000_batch00504.npy	tracer_targ_rank0000_batch00504.npy	[20, 19, 192, 288]
505	tracer_pred_rank0000_batch00505.npy	tracer_targ_rank0000_batch00505.npy	[20, 19, 192, 288]
506	tracer_pred_rank0000_batch00506.npy	tracer_targ_rank0000_batch00506.npy	[20, 19, 192, 288]
507	tracer_pred_rank0000_batch00507.npy	tracer_targ_rank0000_batch00507.npy	[20, 19, 192, 288]
508	tracer_pred_rank0000_batch00508.npy	tracer_targ_rank0000_batch00508.npy	[20, 19, 192, 288]
509	tracer_pred_rank0000_batch00509.npy	tracer_targ_rank0000_batch00509.npy	[20, 19, 192, 288]
510	tracer_pred_rank0000_batch00510.npy	tracer_targ_rank0000_batch00510.npy	[20, 19, 192, 288]
511	tracer_pred_rank0000_batch00511.npy	tracer_targ_rank0000_batch00511.npy	[20, 19, 192, 288]
512	tracer_pred_rank0000_batch00512.npy	tracer_targ_rank0000_batch00512.npy	[20, 19, 192, 288]
513	tracer_pred_rank0000_batch00513.npy	tracer_targ_rank0000_batch00513.npy	[20, 19, 192, 288]
514	tracer_pred_rank0000_batch00514.npy	tracer_targ_rank0000_batch00514.npy	[20, 19, 192, 288]
515	tracer_pred_rank0000_batch00515.npy	tracer_targ_rank0000_batch00515.npy	[20, 19, 192, 288]
516	tracer_pred_rank0000_batch00516.npy	tracer_targ_rank0000_batch00516.npy	[20, 19, 192, 288]
517	tracer_pred_rank0000_batch00517.npy	tracer_targ_rank0000_batch00517.npy	[20, 19, 192, 288]
518	tracer_pred_rank0000_batch00518.npy	tracer_targ_rank0000_batch00518.npy	[20, 19, 192, 288]
519	tracer_pred_rank0000_batch00519.npy	tracer_targ_rank0000_batch00519.npy	[20, 19, 192, 288]
520	tracer_pred_rank0000_batch00520.npy	tracer_targ_rank0000_batch00520.npy	[20, 19, 192, 288]
521	tracer_pred_rank0000_batch00521.npy	tracer_targ_rank0000_batch00521.npy	[20, 19, 192, 288]
522	tracer_pred_rank0000_batch00522.npy	tracer_targ_rank0000_batch00522.npy	[20, 19, 192, 288]
523	tracer_pred_rank0000_batch00523.npy	tracer_targ_rank0000_batch00523.npy	[20, 19, 192, 288]
524	tracer_pred_rank0000_batch00524.npy	tracer_targ_rank0000_batch00524.npy	[20, 19, 192, 288]
525	tracer_pred_rank0000_batch00525.npy	tracer_targ_rank0000_batch00525.npy	[20, 19, 192, 288]
526	tracer_pred_rank0000_batch00526.npy	tracer_targ_rank0000_batch00526.npy	[20, 19, 192, 288]
527	tracer_pred_rank0000_batch00527.npy	tracer_targ_rank0000_batch00527.npy	[20, 19, 192, 288]
528	tracer_pred_rank0000_batch00528.npy	tracer_targ_rank0000_batch00528.npy	[20, 19, 192, 288]
529	tracer_pred_rank0000_batch00529.npy	tracer_targ_rank0000_batch00529.npy	[20, 19, 192, 288]
530	tracer_pred_rank0000_batch00530.npy	tracer_targ_rank0000_batch00530.npy	[20, 19, 192, 288]
531	tracer_pred_rank0000_batch00531.npy	tracer_targ_rank0000_batch00531.npy	[20, 19, 192, 288]
532	tracer_pred_rank0000_batch00532.npy	tracer_targ_rank0000_batch00532.npy	[20, 19, 192, 288]
533	tracer_pred_rank0000_batch00533.npy	tracer_targ_rank0000_batch00533.npy	[20, 19, 192, 288]
534	tracer_pred_rank0000_batch00534.npy	tracer_targ_rank0000_batch00534.npy	[20, 19, 192, 288]
535	tracer_pred_rank0000_batch00535.npy	tracer_targ_rank0000_batch00535.npy	[20, 19, 192, 288]
536	tracer_pred_rank0000_batch00536.npy	tracer_targ_rank0000_batch00536.npy	[20, 19, 192, 288]
537	tracer_pred_rank0000_batch00537.npy	tracer_targ_rank0000_batch00537.npy	[20, 19, 192, 288]
538	tracer_pred_rank0000_batch00538.npy	tracer_targ_rank0000_batch00538.npy	[20, 19, 192, 288]
539	tracer_pred_rank0000_batch00539.npy	tracer_targ_rank0000_batch00539.npy	[20, 19, 192, 288]
540	tracer_pred_rank0000_batch00540.npy	tracer_targ_rank0000_batch00540.npy	[20, 19, 192, 288]
541	tracer_pred_rank0000_batch00541.npy	tracer_targ_rank0000_batch00541.npy	[20, 19, 192, 288]
542	tracer_pred_rank0000_batch00542.npy	tracer_targ_rank0000_batch00542.npy	[20, 19, 192, 288]
543	tracer_pred_rank0000_batch00543.npy	tracer_targ_rank0000_batch00543.npy	[20, 19, 192, 288]
544	tracer_pred_rank0000_batch00544.npy	tracer_targ_rank0000_batch00544.npy	[20, 19, 192, 288]
545	tracer_pred_rank0000_batch00545.npy	tracer_targ_rank0000_batch00545.npy	[20, 19, 192, 288]
546	tracer_pred_rank0000_batch00546.npy	tracer_targ_rank0000_batch00546.npy	[20, 19, 192, 288]
547	tracer_pred_rank0000_batch00547.npy	tracer_targ_rank0000_batch00547.npy	[20, 19, 192, 288]
548	tracer_pred_rank0000_batch00548.npy	tracer_targ_rank0000_batch00548.npy	[20, 19, 192, 288]
549	tracer_pred_rank0000_batch00549.npy	tracer_targ_rank0000_batch00549.npy	[20, 19, 192, 288]
550	tracer_pred_rank0000_batch00550.npy	tracer_targ_rank0000_batch00550.npy	[20, 19, 192, 288]
551	tracer_pred_rank0000_batch00551.npy	tracer_targ_rank0000_batch00551.npy	[20, 19, 192, 288]
552	tracer_pred_rank0000_batch00552.npy	tracer_targ_rank0000_batch00552.npy	[20, 19, 192, 288]
553	tracer_pred_rank0000_batch00553.npy	tracer_targ_rank0000_batch00553.npy	[20, 19, 192, 288]
554	tracer_pred_rank0000_batch00554.npy	tracer_targ_rank0000_batch00554.npy	[20, 19, 192, 288]
555	tracer_pred_rank0000_batch00555.npy	tracer_targ_rank0000_batch00555.npy	[20, 19, 192, 288]
556	tracer_pred_rank0000_batch00556.npy	tracer_targ_rank0000_batch00556.npy	[20, 19, 192, 288]
557	tracer_pred_rank0000_batch00557.npy	tracer_targ_rank0000_batch00557.npy	[20, 19, 192, 288]
558	tracer_pred_rank0000_batch00558.npy	tracer_targ_rank0000_batch00558.npy	[20, 19, 192, 288]
559	tracer_pred_rank0000_batch00559.npy	tracer_targ_rank0000_batch00559.npy	[20, 19, 192, 288]
560	tracer_pred_rank0000_batch00560.npy	tracer_targ_rank0000_batch00560.npy	[20, 19, 192, 288]
561	tracer_pred_rank0000_batch00561.npy	tracer_targ_rank0000_batch00561.npy	[20, 19, 192, 288]
562	tracer_pred_rank0000_batch00562.npy	tracer_targ_rank0000_batch00562.npy	[20, 19, 192, 288]
563	tracer_pred_rank0000_batch00563.npy	tracer_targ_rank0000_batch00563.npy	[20, 19, 192, 288]
564	tracer_pred_rank0000_batch00564.npy	tracer_targ_rank0000_batch00564.npy	[20, 19, 192, 288]
565	tracer_pred_rank0000_batch00565.npy	tracer_targ_rank0000_batch00565.npy	[20, 19, 192, 288]
566	tracer_pred_rank0000_batch00566.npy	tracer_targ_rank0000_batch00566.npy	[20, 19, 192, 288]
567	tracer_pred_rank0000_batch00567.npy	tracer_targ_rank0000_batch00567.npy	[20, 19, 192, 288]
568	tracer_pred_rank0000_batch00568.npy	tracer_targ_rank0000_batch00568.npy	[20, 19, 192, 288]
569	tracer_pred_rank0000_batch00569.npy	tracer_targ_rank0000_batch00569.npy	[20, 19, 192, 288]
570	tracer_pred_rank0000_batch00570.npy	tracer_targ_rank0000_batch00570.npy	[20, 19, 192, 288]
571	tracer_pred_rank0000_batch00571.npy	tracer_targ_rank0000_batch00571.npy	[20, 19, 192, 288]
572	tracer_pred_rank0000_batch00572.npy	tracer_targ_rank0000_batch00572.npy	[20, 19, 192, 288]
573	tracer_pred_rank0000_batch00573.npy	tracer_targ_rank0000_batch00573.npy	[20, 19, 192, 288]
574	tracer_pred_rank0000_batch00574.npy	tracer_targ_rank0000_batch00574.npy	[20, 19, 192, 288]
575	tracer_pred_rank0000_batch00575.npy	tracer_targ_rank0000_batch00575.npy	[20, 19, 192, 288]
576	tracer_pred_rank0000_batch00576.npy	tracer_targ_rank0000_batch00576.npy	[20, 19, 192, 288]
577	tracer_pred_rank0000_batch00577.npy	tracer_targ_rank0000_batch00577.npy	[20, 19, 192, 288]
578	tracer_pred_rank0000_batch00578.npy	tracer_targ_rank0000_batch00578.npy	[20, 19, 192, 288]
579	tracer_pred_rank0000_batch00579.npy	tracer_targ_rank0000_batch00579.npy	[20, 19, 192, 288]
580	tracer_pred_rank0000_batch00580.npy	tracer_targ_rank0000_batch00580.npy	[20, 19, 192, 288]
581	tracer_pred_rank0000_batch00581.npy	tracer_targ_rank0000_batch00581.npy	[20, 19, 192, 288]
582	tracer_pred_rank0000_batch00582.npy	tracer_targ_rank0000_batch00582.npy	[20, 19, 192, 288]
583	tracer_pred_rank0000_batch00583.npy	tracer_targ_rank0000_batch00583.npy	[20, 19, 192, 288]
584	tracer_pred_rank0000_batch00584.npy	tracer_targ_rank0000_batch00584.npy	[20, 19, 192, 288]
585	tracer_pred_rank0000_batch00585.npy	tracer_targ_rank0000_batch00585.npy	[20, 19, 192, 288]
586	tracer_pred_rank0000_batch00586.npy	tracer_targ_rank0000_batch00586.npy	[20, 19, 192, 288]
587	tracer_pred_rank0000_batch00587.npy	tracer_targ_rank0000_batch00587.npy	[20, 19, 192, 288]
588	tracer_pred_rank0000_batch00588.npy	tracer_targ_rank0000_batch00588.npy	[20, 19, 192, 288]
589	tracer_pred_rank0000_batch00589.npy	tracer_targ_rank0000_batch00589.npy	[20, 19, 192, 288]
590	tracer_pred_rank0000_batch00590.npy	tracer_targ_rank0000_batch00590.npy	[20, 19, 192, 288]
591	tracer_pred_rank0000_batch00591.npy	tracer_targ_rank0000_batch00591.npy	[20, 19, 192, 288]
592	tracer_pred_rank0000_batch00592.npy	tracer_targ_rank0000_batch00592.npy	[20, 19, 192, 288]
593	tracer_pred_rank0000_batch00593.npy	tracer_targ_rank0000_batch00593.npy	[20, 19, 192, 288]
594	tracer_pred_rank0000_batch00594.npy	tracer_targ_rank0000_batch00594.npy	[20, 19, 192, 288]
595	tracer_pred_rank0000_batch00595.npy	tracer_targ_rank0000_batch00595.npy	[20, 19, 192, 288]
596	tracer_pred_rank0000_batch00596.npy	tracer_targ_rank0000_batch00596.npy	[20, 19, 192, 288]
597	tracer_pred_rank0000_batch00597.npy	tracer_targ_rank0000_batch00597.npy	[20, 19, 192, 288]
598	tracer_pred_rank0000_batch00598.npy	tracer_targ_rank0000_batch00598.npy	[20, 19, 192, 288]
599	tracer_pred_rank0000_batch00599.npy	tracer_targ_rank0000_batch00599.npy	[20, 19, 192, 288]
600	tracer_pred_rank0000_batch00600.npy	tracer_targ_rank0000_batch00600.npy	[20, 19, 192, 288]
601	tracer_pred_rank0000_batch00601.npy	tracer_targ_rank0000_batch00601.npy	[20, 19, 192, 288]
602	tracer_pred_rank0000_batch00602.npy	tracer_targ_rank0000_batch00602.npy	[20, 19, 192, 288]
603	tracer_pred_rank0000_batch00603.npy	tracer_targ_rank0000_batch00603.npy	[20, 19, 192, 288]
604	tracer_pred_rank0000_batch00604.npy	tracer_targ_rank0000_batch00604.npy	[20, 19, 192, 288]
605	tracer_pred_rank0000_batch00605.npy	tracer_targ_rank0000_batch00605.npy	[20, 19, 192, 288]
606	tracer_pred_rank0000_batch00606.npy	tracer_targ_rank0000_batch00606.npy	[20, 19, 192, 288]
607	tracer_pred_rank0000_batch00607.npy	tracer_targ_rank0000_batch00607.npy	[20, 19, 192, 288]
608	tracer_pred_rank0000_batch00608.npy	tracer_targ_rank0000_batch00608.npy	[20, 19, 192, 288]
609	tracer_pred_rank0000_batch00609.npy	tracer_targ_rank0000_batch00609.npy	[20, 19, 192, 288]
610	tracer_pred_rank0000_batch00610.npy	tracer_targ_rank0000_batch00610.npy	[20, 19, 192, 288]
611	tracer_pred_rank0000_batch00611.npy	tracer_targ_rank0000_batch00611.npy	[20, 19, 192, 288]
612	tracer_pred_rank0000_batch00612.npy	tracer_targ_rank0000_batch00612.npy	[20, 19, 192, 288]
613	tracer_pred_rank0000_batch00613.npy	tracer_targ_rank0000_batch00613.npy	[20, 19, 192, 288]
614	tracer_pred_rank0000_batch00614.npy	tracer_targ_rank0000_batch00614.npy	[20, 19, 192, 288]
615	tracer_pred_rank0000_batch00615.npy	tracer_targ_rank0000_batch00615.npy	[20, 19, 192, 288]
616	tracer_pred_rank0000_batch00616.npy	tracer_targ_rank0000_batch00616.npy	[20, 19, 192, 288]
617	tracer_pred_rank0000_batch00617.npy	tracer_targ_rank0000_batch00617.npy	[20, 19, 192, 288]
618	tracer_pred_rank0000_batch00618.npy	tracer_targ_rank0000_batch00618.npy	[20, 19, 192, 288]
619	tracer_pred_rank0000_batch00619.npy	tracer_targ_rank0000_batch00619.npy	[20, 19, 192, 288]
620	tracer_pred_rank0000_batch00620.npy	tracer_targ_rank0000_batch00620.npy	[20, 19, 192, 288]
621	tracer_pred_rank0000_batch00621.npy	tracer_targ_rank0000_batch00621.npy	[20, 19, 192, 288]
622	tracer_pred_rank0000_batch00622.npy	tracer_targ_rank0000_batch00622.npy	[20, 19, 192, 288]
623	tracer_pred_rank0000_batch00623.npy	tracer_targ_rank0000_batch00623.npy	[20, 19, 192, 288]
624	tracer_pred_rank0000_batch00624.npy	tracer_targ_rank0000_batch00624.npy	[20, 19, 192, 288]
625	tracer_pred_rank0000_batch00625.npy	tracer_targ_rank0000_batch00625.npy	[20, 19, 192, 288]
626	tracer_pred_rank0000_batch00626.npy	tracer_targ_rank0000_batch00626.npy	[20, 19, 192, 288]
627	tracer_pred_rank0000_batch00627.npy	tracer_targ_rank0000_batch00627.npy	[20, 19, 192, 288]
628	tracer_pred_rank0000_batch00628.npy	tracer_targ_rank0000_batch00628.npy	[20, 19, 192, 288]
629	tracer_pred_rank0000_batch00629.npy	tracer_targ_rank0000_batch00629.npy	[20, 19, 192, 288]
630	tracer_pred_rank0000_batch00630.npy	tracer_targ_rank0000_batch00630.npy	[20, 19, 192, 288]
631	tracer_pred_rank0000_batch00631.npy	tracer_targ_rank0000_batch00631.npy	[20, 19, 192, 288]
632	tracer_pred_rank0000_batch00632.npy	tracer_targ_rank0000_batch00632.npy	[20, 19, 192, 288]
633	tracer_pred_rank0000_batch00633.npy	tracer_targ_rank0000_batch00633.npy	[20, 19, 192, 288]
634	tracer_pred_rank0000_batch00634.npy	tracer_targ_rank0000_batch00634.npy	[20, 19, 192, 288]
635	tracer_pred_rank0000_batch00635.npy	tracer_targ_rank0000_batch00635.npy	[20, 19, 192, 288]
636	tracer_pred_rank0000_batch00636.npy	tracer_targ_rank0000_batch00636.npy	[20, 19, 192, 288]
637	tracer_pred_rank0000_batch00637.npy	tracer_targ_rank0000_batch00637.npy	[20, 19, 192, 288]
638	tracer_pred_rank0000_batch00638.npy	tracer_targ_rank0000_batch00638.npy	[20, 19, 192, 288]
639	tracer_pred_rank0000_batch00639.npy	tracer_targ_rank0000_batch00639.npy	[20, 19, 192, 288]
640	tracer_pred_rank0000_batch00640.npy	tracer_targ_rank0000_batch00640.npy	[20, 19, 192, 288]
641	tracer_pred_rank0000_batch00641.npy	tracer_targ_rank0000_batch00641.npy	[20, 19, 192, 288]
642	tracer_pred_rank0000_batch00642.npy	tracer_targ_rank0000_batch00642.npy	[20, 19, 192, 288]
643	tracer_pred_rank0000_batch00643.npy	tracer_targ_rank0000_batch00643.npy	[20, 19, 192, 288]
644	tracer_pred_rank0000_batch00644.npy	tracer_targ_rank0000_batch00644.npy	[20, 19, 192, 288]
645	tracer_pred_rank0000_batch00645.npy	tracer_targ_rank0000_batch00645.npy	[20, 19, 192, 288]
646	tracer_pred_rank0000_batch00646.npy	tracer_targ_rank0000_batch00646.npy	[20, 19, 192, 288]
647	tracer_pred_rank0000_batch00647.npy	tracer_targ_rank0000_batch00647.npy	[20, 19, 192, 288]
648	tracer_pred_rank0000_batch00648.npy	tracer_targ_rank0000_batch00648.npy	[20, 19, 192, 288]
649	tracer_pred_rank0000_batch00649.npy	tracer_targ_rank0000_batch00649.npy	[20, 19, 192, 288]
650	tracer_pred_rank0000_batch00650.npy	tracer_targ_rank0000_batch00650.npy	[20, 19, 192, 288]
651	tracer_pred_rank0000_batch00651.npy	tracer_targ_rank0000_batch00651.npy	[20, 19, 192, 288]
652	tracer_pred_rank0000_batch00652.npy	tracer_targ_rank0000_batch00652.npy	[20, 19, 192, 288]
653	tracer_pred_rank0000_batch00653.npy	tracer_targ_rank0000_batch00653.npy	[20, 19, 192, 288]
654	tracer_pred_rank0000_batch00654.npy	tracer_targ_rank0000_batch00654.npy	[20, 19, 192, 288]
655	tracer_pred_rank0000_batch00655.npy	tracer_targ_rank0000_batch00655.npy	[20, 19, 192, 288]
656	tracer_pred_rank0000_batch00656.npy	tracer_targ_rank0000_batch00656.npy	[20, 19, 192, 288]
657	tracer_pred_rank0000_batch00657.npy	tracer_targ_rank0000_batch00657.npy	[20, 19, 192, 288]
658	tracer_pred_rank0000_batch00658.npy	tracer_targ_rank0000_batch00658.npy	[20, 19, 192, 288]
659	tracer_pred_rank0000_batch00659.npy	tracer_targ_rank0000_batch00659.npy	[20, 19, 192, 288]
660	tracer_pred_rank0000_batch00660.npy	tracer_targ_rank0000_batch00660.npy	[20, 19, 192, 288]
661	tracer_pred_rank0000_batch00661.npy	tracer_targ_rank0000_batch00661.npy	[20, 19, 192, 288]
662	tracer_pred_rank0000_batch00662.npy	tracer_targ_rank0000_batch00662.npy	[20, 19, 192, 288]
663	tracer_pred_rank0000_batch00663.npy	tracer_targ_rank0000_batch00663.npy	[20, 19, 192, 288]
664	tracer_pred_rank0000_batch00664.npy	tracer_targ_rank0000_batch00664.npy	[20, 19, 192, 288]
665	tracer_pred_rank0000_batch00665.npy	tracer_targ_rank0000_batch00665.npy	[20, 19, 192, 288]
666	tracer_pred_rank0000_batch00666.npy	tracer_targ_rank0000_batch00666.npy	[20, 19, 192, 288]
667	tracer_pred_rank0000_batch00667.npy	tracer_targ_rank0000_batch00667.npy	[20, 19, 192, 288]
668	tracer_pred_rank0000_batch00668.npy	tracer_targ_rank0000_batch00668.npy	[20, 19, 192, 288]
669	tracer_pred_rank0000_batch00669.npy	tracer_targ_rank0000_batch00669.npy	[20, 19, 192, 288]
670	tracer_pred_rank0000_batch00670.npy	tracer_targ_rank0000_batch00670.npy	[20, 19, 192, 288]
671	tracer_pred_rank0000_batch00671.npy	tracer_targ_rank0000_batch00671.npy	[20, 19, 192, 288]
672	tracer_pred_rank0000_batch00672.npy	tracer_targ_rank0000_batch00672.npy	[20, 19, 192, 288]
673	tracer_pred_rank0000_batch00673.npy	tracer_targ_rank0000_batch00673.npy	[20, 19, 192, 288]
674	tracer_pred_rank0000_batch00674.npy	tracer_targ_rank0000_batch00674.npy	[20, 19, 192, 288]
675	tracer_pred_rank0000_batch00675.npy	tracer_targ_rank0000_batch00675.npy	[20, 19, 192, 288]
676	tracer_pred_rank0000_batch00676.npy	tracer_targ_rank0000_batch00676.npy	[20, 19, 192, 288]
677	tracer_pred_rank0000_batch00677.npy	tracer_targ_rank0000_batch00677.npy	[20, 19, 192, 288]
678	tracer_pred_rank0000_batch00678.npy	tracer_targ_rank0000_batch00678.npy	[20, 19, 192, 288]
679	tracer_pred_rank0000_batch00679.npy	tracer_targ_rank0000_batch00679.npy	[20, 19, 192, 288]
680	tracer_pred_rank0000_batch00680.npy	tracer_targ_rank0000_batch00680.npy	[20, 19, 192, 288]
681	tracer_pred_rank0000_batch00681.npy	tracer_targ_rank0000_batch00681.npy	[20, 19, 192, 288]
682	tracer_pred_rank0000_batch00682.npy	tracer_targ_rank0000_batch00682.npy	[20, 19, 192, 288]
683	tracer_pred_rank0000_batch00683.npy	tracer_targ_rank0000_batch00683.npy	[20, 19, 192, 288]
684	tracer_pred_rank0000_batch00684.npy	tracer_targ_rank0000_batch00684.npy	[20, 19, 192, 288]
685	tracer_pred_rank0000_batch00685.npy	tracer_targ_rank0000_batch00685.npy	[20, 19, 192, 288]
686	tracer_pred_rank0000_batch00686.npy	tracer_targ_rank0000_batch00686.npy	[20, 19, 192, 288]
687	tracer_pred_rank0000_batch00687.npy	tracer_targ_rank0000_batch00687.npy	[20, 19, 192, 288]
688	tracer_pred_rank0000_batch00688.npy	tracer_targ_rank0000_batch00688.npy	[20, 19, 192, 288]
689	tracer_pred_rank0000_batch00689.npy	tracer_targ_rank0000_batch00689.npy	[20, 19, 192, 288]
690	tracer_pred_rank0000_batch00690.npy	tracer_targ_rank0000_batch00690.npy	[20, 19, 192, 288]
691	tracer_pred_rank0000_batch00691.npy	tracer_targ_rank0000_batch00691.npy	[20, 19, 192, 288]
692	tracer_pred_rank0000_batch00692.npy	tracer_targ_rank0000_batch00692.npy	[20, 19, 192, 288]
693	tracer_pred_rank0000_batch00693.npy	tracer_targ_rank0000_batch00693.npy	[20, 19, 192, 288]
694	tracer_pred_rank0000_batch00694.npy	tracer_targ_rank0000_batch00694.npy	[20, 19, 192, 288]
695	tracer_pred_rank0000_batch00695.npy	tracer_targ_rank0000_batch00695.npy	[20, 19, 192, 288]
696	tracer_pred_rank0000_batch00696.npy	tracer_targ_rank0000_batch00696.npy	[20, 19, 192, 288]
697	tracer_pred_rank0000_batch00697.npy	tracer_targ_rank0000_batch00697.npy	[20, 19, 192, 288]
698	tracer_pred_rank0000_batch00698.npy	tracer_targ_rank0000_batch00698.npy	[20, 19, 192, 288]
699	tracer_pred_rank0000_batch00699.npy	tracer_targ_rank0000_batch00699.npy	[20, 19, 192, 288]
700	tracer_pred_rank0000_batch00700.npy	tracer_targ_rank0000_batch00700.npy	[20, 19, 192, 288]
701	tracer_pred_rank0000_batch00701.npy	tracer_targ_rank0000_batch00701.npy	[20, 19, 192, 288]
702	tracer_pred_rank0000_batch00702.npy	tracer_targ_rank0000_batch00702.npy	[20, 19, 192, 288]
703	tracer_pred_rank0000_batch00703.npy	tracer_targ_rank0000_batch00703.npy	[20, 19, 192, 288]
704	tracer_pred_rank0000_batch00704.npy	tracer_targ_rank0000_batch00704.npy	[20, 19, 192, 288]
705	tracer_pred_rank0000_batch00705.npy	tracer_targ_rank0000_batch00705.npy	[20, 19, 192, 288]
706	tracer_pred_rank0000_batch00706.npy	tracer_targ_rank0000_batch00706.npy	[20, 19, 192, 288]
707	tracer_pred_rank0000_batch00707.npy	tracer_targ_rank0000_batch00707.npy	[20, 19, 192, 288]
708	tracer_pred_rank0000_batch00708.npy	tracer_targ_rank0000_batch00708.npy	[20, 19, 192, 288]
709	tracer_pred_rank0000_batch00709.npy	tracer_targ_rank0000_batch00709.npy	[20, 19, 192, 288]
710	tracer_pred_rank0000_batch00710.npy	tracer_targ_rank0000_batch00710.npy	[20, 19, 192, 288]
711	tracer_pred_rank0000_batch00711.npy	tracer_targ_rank0000_batch00711.npy	[20, 19, 192, 288]
712	tracer_pred_rank0000_batch00712.npy	tracer_targ_rank0000_batch00712.npy	[20, 19, 192, 288]
713	tracer_pred_rank0000_batch00713.npy	tracer_targ_rank0000_batch00713.npy	[20, 19, 192, 288]
714	tracer_pred_rank0000_batch00714.npy	tracer_targ_rank0000_batch00714.npy	[20, 19, 192, 288]
715	tracer_pred_rank0000_batch00715.npy	tracer_targ_rank0000_batch00715.npy	[20, 19, 192, 288]
716	tracer_pred_rank0000_batch00716.npy	tracer_targ_rank0000_batch00716.npy	[20, 19, 192, 288]
717	tracer_pred_rank0000_batch00717.npy	tracer_targ_rank0000_batch00717.npy	[20, 19, 192, 288]
718	tracer_pred_rank0000_batch00718.npy	tracer_targ_rank0000_batch00718.npy	[20, 19, 192, 288]
719	tracer_pred_rank0000_batch00719.npy	tracer_targ_rank0000_batch00719.npy	[20, 19, 192, 288]
720	tracer_pred_rank0000_batch00720.npy	tracer_targ_rank0000_batch00720.npy	[20, 19, 192, 288]
721	tracer_pred_rank0000_batch00721.npy	tracer_targ_rank0000_batch00721.npy	[20, 19, 192, 288]
722	tracer_pred_rank0000_batch00722.npy	tracer_targ_rank0000_batch00722.npy	[20, 19, 192, 288]
723	tracer_pred_rank0000_batch00723.npy	tracer_targ_rank0000_batch00723.npy	[20, 19, 192, 288]
724	tracer_pred_rank0000_batch00724.npy	tracer_targ_rank0000_batch00724.npy	[20, 19, 192, 288]
725	tracer_pred_rank0000_batch00725.npy	tracer_targ_rank0000_batch00725.npy	[20, 19, 192, 288]
726	tracer_pred_rank0000_batch00726.npy	tracer_targ_rank0000_batch00726.npy	[20, 19, 192, 288]
727	tracer_pred_rank0000_batch00727.npy	tracer_targ_rank0000_batch00727.npy	[20, 19, 192, 288]
728	tracer_pred_rank0000_batch00728.npy	tracer_targ_rank0000_batch00728.npy	[20, 19, 192, 288]
729	tracer_pred_rank0000_batch00729.npy	tracer_targ_rank0000_batch00729.npy	[20, 19, 192, 288]
730	tracer_pred_rank0000_batch00730.npy	tracer_targ_rank0000_batch00730.npy	[20, 19, 192, 288]
